Epochs,Validation Scores,Validation Running Scores
0,89.18060407117707,
1,89.06021875678117,
0,,89.18060407117707
1,,89.06021875678117
