Epochs,Normal Epoch Times,PAI Epoch Times
0,420.16773438453674,
1,402.7686538696289,
