Epochs,Normal Epoch Times,PAI Epoch Times
0,876.1908509731293,
1,790.504876613617,
2,423.48934674263,
3,414.9759519100189,
4,349.4556715488434,
