Epochs,Normal Epoch Times,PAI Epoch Times
0,876.1908509731293,
1,790.504876613617,
2,706.8732652664185,
3,487.57913088798523,
