Epochs,Validation Scores,Validation Running Scores
0,89.18060407117707,
1,89.06021875678117,
2,88.5260427653648,
0,,89.18060407117707
1,,89.06021875678117
2,,88.5260427653648
