Param Counts,Max Valid Scores,Max Test Scores
147840,89.18060407117707,89.18060407117707
296064,89.06055416626529,89.06055416626529
