Epochs,Normal Epoch Times,PAI Epoch Times
0,876.1908509731293,
1,790.504876613617,
2,257.39742374420166,
3,259.8455376625061,
4,261.1495804786682,
5,256.0946559906006,
6,257.36358737945557,
