{"epoch": 20, "train_loss": 0.05538335236463141, "train_acc": 99.93337774816789, "params": 113418288, "_timestamp": 1768840179.235312, "_runtime": 1811.7343969345093, "_step": 19}