Param Counts,Max Valid Scores,Max Test Scores
1777088000,0.3985625463724136,0.3985625463724136
3321511808,0.48897969186306,0.48897969186306
