Param Counts,Max Valid Scores,Max Test Scores
1777088000,0.3985625463724136,0.3985625463724136
