Epochs,Normal Epoch Times,PAI Epoch Times
0,80.93385696411133,
1,65.31901574134827,
