Epochs,Normal Epoch Times,PAI Epoch Times
0,80.93385696411133,
1,65.31901574134827,
2,65.27774000167847,
3,65.98259544372559,
4,64.5856249332428,
5,65.44316792488098,
6,64.53658413887024,
