Epochs,Validation Scores,Validation Running Scores,Train Loss
0,0.3985625463724136,,
1,0.42163654088974,,
0,,0.3985625463724136,
1,,0.42163654088974,
0,,,0.2288873264193535
1,,,0.13056276470422745
