Param Counts,Max Valid Scores,Max Test Scores
1777088000,0.3985625463724136,0.3985625463724136
3321511808,0.4816302675008774,0.4816302675008774
