{"epoch": 1, "train_loss": 2.6233964473643203, "train_acc": 71.28580946035976, "params": 113418288, "_timestamp": 1768778671.6619208, "_runtime": 73.26833176612854, "_step": 0, "_wandb": {"runtime": 107}}