{"epoch": 50, "train_loss": 0.007903900502764799, "train_acc": 99.93337774816789, "params": 113418288, "_timestamp": 1768833103.9513113, "_runtime": 4122.684086322784, "_step": 49, "_wandb": {"runtime": 4115}}