Epochs,Normal Epoch Times,PAI Epoch Times
0,540.3793227672577,
1,441.5542449951172,
2,420.858295917511,
3,394.1418135166168,
4,391.41373229026794,
