Epochs,Normal Epoch Times,PAI Epoch Times
0,540.3793227672577,
1,441.5542449951172,
2,457.8568639755249,
3,468.70180559158325,
