Epochs,Normal Epoch Times,PAI Epoch Times
0,540.3793227672577,
1,441.5542449951172,
2,391.1969838142395,
3,426.9033772945404,
4,438.55403661727905,
5,485.957466840744,
6,448.2407786846161,
