Param Counts,Max Valid Scores,Max Test Scores
333921792,3.2177871465682983,3.2177871465682983
