Epochs,Validation Scores,Validation Running Scores
0,3.2177871465682983,
0,,3.2177871465682983
