{"epoch": 10, "train_loss": 0.16825929062163575, "train_acc": 99.93337774816789, "params": 113418288, "_timestamp": 1768842539.2787566, "_runtime": 617.0577216148376, "_step": 9, "_wandb": {"runtime": 647}}