{"epoch": 50, "train_loss": 0.007903900502764799, "train_acc": 99.93337774816789, "params": 113418288, "_timestamp": 1768863834.3801124, "_runtime": 3424.4261813163757, "_step": 49, "_wandb": {"runtime": 3422}}