{"epoch":1,"_timestamp":1.7694144556377418e+09,"_wandb":{"runtime":726},"val_acc":2.08,"train_loss":4.905174323664907,"val_loss":4.53893353063849,"_step":1,"_runtime":726,"train_acc":1.608}