Epochs,Normal Epoch Times,PAI Epoch Times
0,24.4133460521698,
1,23.409593105316162,
