Param Counts,Max Valid Scores,Max Test Scores
2236106,84.68137254901961,85.30465949820788
