Param Counts,Max Valid Scores,Max Test Scores
2624080,0.45401424119318345,0.45401424119318345
4619360,0.45852225982969463,0.45852225982969463
