Param Counts,Max Valid Scores,Max Test Scores
2624080,0.45413009768227636,0.45413009768227636
