Param Counts,Max Valid Scores
4545,0.6360302049622438
9219,0.6381507885072369
14280,0.6602486963497793
