Epochs,Normal Epoch Times,PAI Epoch Times
0,0.46856093406677246,
1,1.3717188835144043,
2,1.5040967464447021,
3,1.4031460285186768,
