Param Counts,Max Valid Scores
4545,0.6148602590320382
9219,0.6168941979522184
14280,0.6184353889736326
19599,0.6186025812194037
