Epochs,Validation Scores,Validation Running Scores
0,0.6109720009105395,
1,0.6161434977578475,
2,0.5935174069627851,
3,0.6360302049622438,
0,,0.6109720009105395
1,,0.6161434977578475
2,,0.5935174069627851
3,,0.6360302049622438
