Epochs,learning_rate
0,0.00095
1,0.0009025
2,0.0008145062499999999
3,0.0007350918906249997
4,0.0009025
5,0.0008145062499999999
6,0.0008145062499999999
7,0.0007350918906249997
