Epochs,Validation Scores,Validation Running Scores
0,0.6109720009105395,
1,0.6161434977578475,
2,0.5935174069627851,
3,0.6360302049622438,
4,0.6242748772869254,
5,0.5963740458015268,
6,0.5837226456847799,
7,0.6381507885072369,
0,,0.6109720009105395
1,,0.6161434977578475
2,,0.5935174069627851
3,,0.6360302049622438
4,,0.6242748772869254
5,,0.5963740458015268
6,,0.5837226456847799
7,,0.6381507885072369
