Param Counts,Max Valid Scores,Max Test Scores
2624080,0.557740689350153,0.557740689350153
4619360,0.5709040611510414,0.5709040611510414
