Param Counts,Max Valid Scores,Max Test Scores
5527504,0.6940601145038168,0.6940601145038168
11028336,0.7016638835877863,0.7016638835877863
16592000,0.6985329198473282,0.6985329198473282
