Param Counts,Max Valid Scores,Max Test Scores
5527504,0.6940601145038168,0.6940601145038168
