Param Counts,Max Valid Scores,Max Test Scores
135426,0.638602776533811,0.638602776533811
271622,0.6394984326018809,0.6394984326018809
