Epochs,Normal Epoch Times,PAI Epoch Times
0,1.5990002155303955,
1,0.8336443901062012,
2,1.0868680477142334,
3,1.0425941944122314,
4,1.2116248607635498,
