Param Counts,Max Valid Scores,Max Test Scores
135426,0.6466636811464398,0.6466636811464398
271622,0.6551724137931034,0.6551724137931034
410128,0.6556202418271384,0.6556202418271384
550174,0.6542767577250336,0.6542767577250336
