Param Counts,Max Valid Scores,Max Test Scores
135426,0.658307210031348,0.658307210031348
271622,0.6551724137931034,0.6551724137931034
