Epochs,Validation Scores,Validation Running Scores
0,0.638602776533811,
1,0.6394984326018809,
2,0.6309896999552171,
0,,0.638602776533811
1,,0.6394984326018809
2,,0.6309896999552171
