Param Counts,Max Valid Scores,Max Test Scores
135426,0.638602776533811,0.638602776533811
271622,0.6394984326018809,0.6394984326018809
410128,0.6309896999552171,0.6309896999552171
550174,0.6345723242274967,0.6345723242274967
691760,0.6480071652485445,0.6480071652485445
