Epochs,Normal Epoch Times,PAI Epoch Times
0,1.668043851852417,
1,0.9120209217071533,
2,0.919154167175293,
3,1.3989944458007812,
4,1.075587511062622,
5,0.9667725563049316,
6,0.9631118774414062,
7,0.935997486114502,
8,1.0365300178527832,
9,0.915642261505127,
10,1.617232322692871,
11,0.9232020378112793,
12,1.015704870223999,
13,0.8879745006561279,
