Epochs,Normal Epoch Times,PAI Epoch Times
0,1.668043851852417,
1,0.9120209217071533,
2,0.919154167175293,
3,1.3989944458007812,
4,1.075587511062622,
5,0.9667725563049316,
6,0.9631118774414062,
7,0.9594419002532959,
8,1.0723974704742432,
9,0.9361672401428223,
10,0.9432382583618164,
11,0.9285409450531006,
12,1.0417962074279785,
13,0.9169588088989258,
14,0.9676303863525391,
15,0.9729135036468506,
16,0.9429631233215332,
17,1.105332851409912,
18,0.9447636604309082,
19,1.126619577407837,
20,1.1227903366088867,
21,1.3720722198486328,
22,0.9902043342590332,
