Param Counts,Max Valid Scores,Max Test Scores
135426,0.6574115539632781,0.6574115539632781
271622,0.6547245857590686,0.6547245857590686
