Epochs,Validation Scores,Validation Running Scores
0,0.638602776533811,
1,0.6394984326018809,
2,0.6309896999552171,
3,0.6345723242274967,
4,0.6480071652485445,
0,,0.638602776533811
1,,0.6394984326018809
2,,0.6309896999552171
3,,0.6345723242274967
4,,0.6480071652485445
