Epochs,Normal Epoch Times,PAI Epoch Times
0,1.5990002155303955,
1,0.8336443901062012,
