Epochs,Validation Scores,Validation Running Scores
0,0.6426332288401254,
1,0.6466636811464398,
2,0.6430810568741603,
3,0.6439767129422301,
4,0.6435288849081953,
0,,0.6426332288401254
1,,0.6466636811464398
2,,0.6430810568741603
3,,0.6439767129422301
4,,0.6435288849081953
