Param Counts,Max Valid Scores,Max Test Scores
135426,0.6466636811464398,0.6466636811464398
271622,0.6551724137931034,0.6551724137931034
