Epochs,Normal Epoch Times,PAI Epoch Times
0,1.668043851852417,
1,0.9120209217071533,
2,0.9002046585083008,
3,1.0785691738128662,
4,1.0178368091583252,
