Epochs,Validation Scores,Validation Running Scores
0,0.638602776533811,
1,0.6394984326018809,
0,,0.638602776533811
1,,0.6394984326018809
