Epochs,Validation Scores,Validation Running Scores
0,0.6426332288401254,
1,0.6466636811464398,
2,0.6412897447380206,
3,0.6350201522615315,
4,0.6475593372145096,
5,0.6502463054187192,
6,0.6551724137931034,
7,0.6493506493506493,
8,0.651589789520824,
9,0.6426332288401254,
10,0.6466636811464398,
11,0.6533811016569637,
12,0.651589789520824,
13,0.6533811016569637,
14,0.6475593372145096,
15,0.6556202418271384,
16,0.6439767129422301,
17,0.6502463054187192,
18,0.64576802507837,
19,0.6489028213166145,
20,0.6520376175548589,
21,0.6524854455888939,
22,0.6489028213166145,
23,0.6520376175548589,
24,0.6493506493506493,
25,0.6506941334527542,
26,0.6480071652485445,
27,0.651589789520824,
28,0.6520376175548589,
0,,0.6426332288401254
1,,0.6466636811464398
2,,0.6412897447380206
3,,0.6350201522615315
4,,0.6475593372145096
5,,0.6502463054187192
6,,0.6551724137931034
7,,0.6493506493506493
8,,0.651589789520824
9,,0.6426332288401254
10,,0.6466636811464398
11,,0.6533811016569637
12,,0.651589789520824
13,,0.6533811016569637
14,,0.6475593372145096
15,,0.6556202418271384
16,,0.6439767129422301
17,,0.6502463054187192
18,,0.64576802507837
19,,0.6489028213166145
20,,0.6520376175548589
21,,0.6524854455888939
22,,0.6489028213166145
23,,0.6520376175548589
24,,0.6493506493506493
25,,0.6506941334527542
26,,0.6480071652485445
27,,0.651589789520824
28,,0.6520376175548589
