Param Counts,Max Valid Scores,Max Test Scores
135426,0.658307210031348,0.658307210031348
