{"epoch": 50, "train_loss": 0.007903900502764799, "train_acc": 99.93337774816789, "params": 113418288, "_timestamp": 1768838348.69654, "_runtime": 5218.220867156982, "_step": 49, "_wandb": {"runtime": 5217}}