Epochs,Normal Epoch Times,PAI Epoch Times
0,3.419393301010132,
1,4.4313435554504395,
2,4.66267728805542,
3,3.922736167907715,
4,3.1178157329559326,
