Epochs,Normal Epoch Times,PAI Epoch Times
0,3.872605085372925,
1,6.840955972671509,
2,9.05695390701294,
