Param Counts,Max Valid Scores,Max Test Scores
707559,0.19900149775336995,0.19900149775336995
