Epochs,Normal Epoch Times,PAI Epoch Times
0,238.90496182441711,
1,50.32459568977356,
