Param Counts,Max Valid Scores,Max Test Scores
707559,0.19900149775336995,0.19900149775336995
1415173,0.2944583125312032,0.2944583125312032
2122952,0.3708437343984024,0.3708437343984024
2830841,0.41178232651023466,0.41178232651023466
