Epochs,Normal Epoch Times,PAI Epoch Times
0,700.9904153347015,
1,1010.2874233722687,
