Epochs,Normal Epoch Times,PAI Epoch Times
0,3.419393301010132,
1,4.4313435554504395,
2,6.426997423171997,
3,6.26965069770813,
4,6.311957597732544,
5,6.396859169006348,
6,6.367863178253174,
7,5.969706296920776,
8,6.278926610946655,
9,5.733933210372925,
10,5.884593486785889,
11,6.468533754348755,
12,6.033793926239014,
13,6.18635106086731,
14,6.62356162071228,
15,6.074074745178223,
16,8.730889558792114,
17,9.240917682647705,
18,8.037873268127441,
19,8.471120119094849,
20,8.413203954696655,
21,8.545151472091675,
22,8.355650424957275,
23,9.441901445388794,
24,8.42763352394104,
25,7.677477121353149,
26,7.363790035247803,
