Epochs,Normal Epoch Times,PAI Epoch Times
0,3.975263833999634,
1,2.383129119873047,
2,2.2422900199890137,
3,2.2477974891662598,
4,3.834500789642334,
5,3.620046854019165,
6,4.507739067077637,
7,4.4065260887146,
8,3.8615434169769287,
9,4.276218414306641,
