Epochs,learning_rate
0,1.0
1,1.0
2,0.7
3,0.48999999999999994
4,0.3429999999999999
5,0.24009999999999992
6,0.16806999999999994
