Epochs,Normal Epoch Times,PAI Epoch Times
0,8.482605695724487,
1,19.664745569229126,
