Epochs,Normal Epoch Times,PAI Epoch Times
0,11.47105884552002,
1,7.1549413204193115,
2,7.422718524932861,
3,8.022227764129639,
4,14.855721950531006,
5,19.08575963973999,
