Epochs,learning_rate
0,0.00010000000000000005
1,0.00010000000000000005
2,0.00010000891825195598
3,0.00010003567265433365
4,0.00010000891825195598
5,0.00010003567265433365
6,0.00010008026214667774
7,0.00010014268496160881
8,0.00010022293862489413
9,0.00010000891825195598
10,0.00010003567265433365
