Epochs,learning_rate
0,0.00010000000000000005
1,0.00010000000000000005
2,0.00010000000000000005
