Param Counts,Max Valid Scores,Max Test Scores
4748837,0.22665981948375702,0.22665981948375702
8718045,0.16276758909225464,0.16276758909225464
