Epochs,Validation Scores,Validation Running Scores
0,0.22665981948375702,
1,0.16276758909225464,
0,,0.22665981948375702
1,,0.16276758909225464
