Epochs,Validation Scores,Validation Running Scores
0,0.22665981948375702,
0,,0.22665981948375702
