Epochs,Normal Epoch Times,PAI Epoch Times
0,84.41245341300964,
1,100.07776165008545,
2,147.6949234008789,
