Epochs,learning_rate
0,1.7274575140627267e-05
1,4.77457514062606e-06
