Epochs,Validation Scores,Validation Running Scores
0,0.22158801555633545,
1,0.21218310296535492,
0,,0.22158801555633545
1,,0.21218310296535492
