Epochs,Normal Epoch Times,PAI Epoch Times
0,62.653462171554565,
1,46.33686327934265,
