Param Counts,Max Valid Scores,Max Test Scores
147840,89.17057185784805,89.17057185784805
