Param Counts,Max Valid Scores,Max Test Scores
147840,89.17057185784805,89.17057185784805
296064,88.97254734396502,88.97254734396502
