Epochs,Normal Epoch Times,PAI Epoch Times
0,261.99248695373535,
1,265.75950145721436,
2,262.1626796722412,
3,263.9633185863495,
4,261.4373822212219,
5,262.2234420776367,
6,256.30221009254456,
7,260.0312407016754,
8,262.05249071121216,
