Param Counts,Max Valid Scores,Max Test Scores
147840,89.18060407117707,89.18060407117707
296064,88.98010766946717,88.98010766946717
