Param Counts,Max Valid Scores,Max Test Scores
147840,89.04155112824007,89.04155112824007
296064,89.01528723111151,89.01528723111151
