Epochs,Normal Epoch Times,PAI Epoch Times
0,421.8061466217041,
1,407.01825046539307,
2,417.88803124427795,
