Epochs,Normal Epoch Times,PAI Epoch Times
0,420.18041229248047,
1,383.25860500335693,
2,384.0051443576813,
3,381.67387676239014,
4,382.14136719703674,
5,381.9070472717285,
6,384.01078605651855,
7,238.4154634475708,
