Param Counts,Max Valid Scores,Max Test Scores
147840,89.18060407117707,89.18060407117707
296064,88.94998380526201,88.94998380526201
