Epochs,Validation Scores,Validation Running Scores,Train Loss
0,88.43657651145237,,
1,88.88008535844783,,
0,,88.43657651145237,
1,,88.88008535844783,
0,,,0.025904884895620248
1,,,0.020994160167821165
