Epochs,Validation Scores,Validation Running Scores,Train Loss
0,87.83897343000096,,
1,88.3609239577156,,
2,88.2488112573184,,
3,87.5403146829681,,
0,,87.83897343000096,
1,,88.3609239577156,
2,,88.2488112573184,
3,,87.5403146829681,
0,,,0.024899247706505572
1,,,0.011445570520461641
2,,,0.008033134063912763
3,,,0.007328057293650798
