Param Counts,Max Valid Scores,Max Test Scores
147840,88.3609239577156,88.3609239577156
