Param Counts,Max Valid Scores,Max Test Scores
147840,88.96185267466281,88.96185267466281
296064,88.77530147830618,88.77530147830618
