Param Counts,Max Valid Scores,Max Test Scores
147840,88.43657651145237,88.43657651145237
296064,88.88008535844783,88.88008535844783
445440,88.89133981461323,88.89133981461323
