Param Counts,Max Valid Scores,Max Test Scores
147840,89.17057185784805,89.17057185784805
296064,89.03186019628534,89.03186019628534
