Epochs,learning_rate
0,7.575633263333e-05
1,7.575633263333e-05
