Epochs,Validation Scores,Validation Running Scores,Train Loss
0,87.83897343000096,,
1,88.3609239577156,,
0,,87.83897343000096,
1,,88.3609239577156,
0,,,0.024899247706505572
1,,,0.011445570520461641
