Epochs,Normal Epoch Times,PAI Epoch Times
0,261.4878890514374,
1,261.17064452171326,
