Epochs,Normal Epoch Times,PAI Epoch Times
0,420.18041229248047,
1,383.25860500335693,
2,254.60489320755005,
3,251.28829860687256,
4,251.77613306045532,
5,252.72066283226013,
6,250.95916032791138,
7,250.99250888824463,
8,252.1044318675995,
9,251.83649849891663,
10,258.1141550540924,
11,389.56481313705444,
