Param Counts,Max Valid Scores,Max Test Scores
2624080,0.45401424119318345,0.45401424119318345
4619360,0.45917470606805877,0.45917470606805877
6620928,0.47149321261972704,0.47149321261972704
