Param Counts,Max Valid Scores,Max Test Scores
422728,86.41975308641975,86.41975308641975
845112,91.35802469135803,91.35802469135803
