Param Counts,Max Valid Scores,Max Test Scores
422728,50.0,50.0
845112,52.58620689655172,52.58620689655172
1269344,49.13793103448276,49.13793103448276
