Param Counts,Max Valid Scores,Max Test Scores
422728,53.44827586206897,53.44827586206897
845112,59.48275862068966,59.48275862068966
1269344,63.793103448275865,63.793103448275865
1694808,54.310344827586206,54.310344827586206
