{"final_accuracy": 0.9857500195503235, "final_loss": 0.03321756049990654, "num_parameters": 2497}