{"fractions": [0.1, 0.25, 0.5, 0.75, 1.0], "accuracies": [0.9725000262260437, 0.9829999804496765, 0.9810000061988831, 0.9829999804496765, 0.9852499961853027], "baseline_accuracy": 0.9857500195503235, "equivalent_data_fraction": 1.0}