{"final_accuracy": 0.9829999804496765, "final_loss": 0.06721623241901398, "train_loss_history": [0.25427724097669124, 0.1328030532002449, 0.13606382684409618, 0.13723912497237326, 0.13212918827310205, 0.13032524887658656, 0.1360558074079454, 0.12849235139787196, 0.13202152054011823, 0.12478594538010657, 0.1276539675910026, 0.12346722109243274, 0.12336457096971572, 0.12548885638639332, 0.12016160883381963, 0.12835203740559517, 0.11826142043620348, 0.12595978467166424, 0.11550095340237021, 0.11034053540229798, 0.12440123759023845, 0.11906424361094832, 0.1142036471683532, 0.11521691222116351, 0.11972674720082432, 0.12327079184260219, 0.1173893352150917, 0.10765927813947201, 0.11601499219238758, 0.12013284981437028, 0.11688439313136041, 0.11086058901064098, 0.1149557382185012, 0.11968572263047099, 0.11286740120500326, 0.11822660162486136, 0.11714329888112843, 0.11461992642283439, 0.11530978248082101, 0.11255313894711434], "val_acc_history": [0.981249988079071, 0.9787499904632568, 0.9767500162124634, 0.9769999980926514, 0.9804999828338623, 0.984000027179718, 0.9794999957084656, 0.9837499856948853, 0.9772499799728394, 0.9777500033378601, 0.9754999876022339, 0.9775000214576721, 0.9832500219345093, 0.9779999852180481, 0.9752500057220459, 0.9810000061988831, 0.9815000295639038, 0.9825000166893005, 0.9827499985694885, 0.9829999804496765, 0.9827499985694885, 0.9815000295639038, 0.9782500267028809, 0.9819999933242798, 0.9802500009536743, 0.9792500138282776, 0.9800000190734863, 0.9789999723434448, 0.9819999933242798, 0.9810000061988831, 0.9810000061988831, 0.9807500243186951, 0.984000027179718, 0.9822499752044678, 0.9832500219345093, 0.9757500290870667, 0.9775000214576721, 0.984749972820282, 0.9729999899864197, 0.9829999804496765], "num_parameters": 1285}