{"final_accuracy": 0.9872499704360962, "final_loss": 0.03138723969459534, "train_loss_history": [0.1717127608563751, 0.08948861406650394, 0.07422340515302495, 0.06573208415764384, 0.058731231482001024, 0.05757750178012066, 0.05034193875192432, 0.04691036007896764, 0.04699704589974135, 0.04412837413820671, 0.045683510690112596, 0.04162335536023602, 0.04112811315467115, 0.0396679591742577, 0.038374053011706565, 0.039487363070715216, 0.0396235457881121, 0.036220844584400766, 0.036608967462729194, 0.03783702997263754, 0.037073984417191244, 0.03693246803604416, 0.03659792011597892, 0.03408679775305791, 0.035785267206199935, 0.03630094019137323, 0.035158869246020914, 0.034321179274469614, 0.03437641646404518, 0.034247292002663014, 0.03284945606923429, 0.034336532302899285, 0.03385504135425435, 0.03369704192978679, 0.03442981586174574, 0.033595103915664365, 0.03419660386635223, 0.033917586718802344, 0.03284999127368792, 0.0315281594194239], "val_acc_history": [0.9802500009536743, 0.9797499775886536, 0.9827499985694885, 0.9837499856948853, 0.9837499856948853, 0.984000027179718, 0.9854999780654907, 0.9850000143051147, 0.9850000143051147, 0.9867500066757202, 0.987500011920929, 0.9872499704360962, 0.9837499856948853, 0.9825000166893005, 0.9860000014305115, 0.9865000247955322, 0.9869999885559082, 0.9862499833106995, 0.9850000143051147, 0.9865000247955322, 0.9865000247955322, 0.984749972820282, 0.9879999756813049, 0.9857500195503235, 0.987500011920929, 0.9865000247955322, 0.984749972820282, 0.9865000247955322, 0.9867500066757202, 0.9872499704360962, 0.9857500195503235, 0.9867500066757202, 0.9872499704360962, 0.9867500066757202, 0.9877499938011169, 0.9869999885559082, 0.9872499704360962, 0.9865000247955322, 0.9872499704360962, 0.9872499704360962], "num_parameters": 3785}