{"baseline_parameters": 85817112, "_timestamp": 1768819902.943071, "_runtime": 2273.4511229991913, "_step": 50, "epoch": 50, "train_accuracy": 99.93337774816789, "_wandb": {"runtime": 2273}}