Param Counts,Max Valid Scores,Max Test Scores
132854,54.44999996099563,54.44999996099563
