Param Counts,Max Valid Scores,Max Test Scores
132854,44.578151983832164,44.578151983832164
