Epochs,learning_rate
0,0.00025
1,0.00025
2,0.00025
3,0.00025
4,0.00025
5,0.00025
6,0.00025
7,0.00025
8,0.00025
9,0.00025
10,0.00025
11,0.00025
12,0.00025
13,0.00025
14,0.00025
15,2.5e-05
16,2.5e-05
17,2.5e-05
18,2.5e-05
19,2.5e-05
20,2.5e-05
21,2.5e-05
22,2.5e-05
23,2.5e-05
24,2.5e-05
25,2.5e-05
26,2.5e-05
27,2.5e-05
28,2.5e-05
29,2.5e-05
30,2.5e-05
31,2.5e-05
32,2.5e-06
33,2.5e-06
34,2.5e-06
