Epochs,Normal Epoch Times,PAI Epoch Times
0,207.24276423454285,
1,614.0188271999359,
2,1065.2082870006561,
3,1159.1405415534973,
4,1200.2318658828735,
5,1264.2783060073853,
6,1325.3083627223969,
7,1462.2415821552277,
8,1393.8097987174988,
9,1623.2674012184143,
10,1605.40047621727,
11,1688.314285516739,
