{"val_acc":3.66,"train_loss":4.767976368174834,"_runtime":435,"_wandb":{"runtime":435},"val_loss":4.317252654063551,"train_acc":2.102,"_timestamp":1.769415364008114e+09,"_step":1,"epoch":1}