Param Counts,Max Valid Scores,Max Test Scores
2624080,0.557740689350153,0.557740689350153
4619360,0.5494445763521802,0.5494445763521802
