Param Counts,Max Valid Scores,Max Test Scores
2624080,0.5582448555319489,0.5582448555319489
