Param Counts,Max Valid Scores,Max Test Scores
2624080,0.557740689350153,0.557740689350153
4619360,0.5756743095034769,0.5756743095034769
6620928,0.5806935711249155,0.5806935711249155
8626688,0.46261940138748675,0.46261940138748675
