Epochs,Validation Scores,Validation Running Scores,Train Loss
0,88.26126784954472,,
0,,88.26126784954472,
0,,,0.024185292179592782
