Param Counts,Max Valid Scores,Max Test Scores
147840,88.26126784954472,88.26126784954472
