Param Counts,Max Valid Scores,Max Test Scores
4748837,0.22431576251983643,0.22431576251983643
8718045,0.2938571870326996,0.2938571870326996
12691873,0.2671521306037903,0.2671521306037903
