Epochs,learning_rate
0,0.00019986295347545742
1,0.0001994521895368274
2,0.00019876883405951386
3,0.00019781476007338082
4,0.0001965925826289073
5,0.00019510565162951583
6,0.00019335804264972045
7,0.0001913545457642601
8,0.00018910065241883674
9,0.0001866025403784439
10,0.0001838670567945423
11,0.00018090169943749457
12,0.00017771459614569692
