Epochs,learning_rate
0,5.463099816549354e-07
1,4.7838636441077504e-05
2,4.77457514062659e-06
3,5.868240888334826e-05
4,3.015368960704742e-06
5,2.5000000000009474e-05
6,8.830222215593184e-05
7,8.830222215594076e-05
8,2.499999999999843e-05
9,3.01536896070377e-06
10,5.8682408883311566e-05
11,9.999999999994668e-05
12,5.868240888332043e-05
13,3.0153689607035536e-06
14,2.4999999999993093e-05
15,8.830222215591802e-05
16,8.830222215604559e-05
17,2.5000000000023247e-05
18,3.0153689607060685e-06
