Epochs,learning_rate
0,0.00019986295347545742
1,0.0001994521895368274
2,0.00019876883405951386
