Epochs,Normal Epoch Times,PAI Epoch Times
0,53.801530599594116,
1,53.53182864189148,
2,53.027862310409546,
