Epochs,Validation Scores,Validation Running Scores
0,0.023011069744825363,
1,0.022626368328928947,
2,0.02329234592616558,
0,,0.023011069744825363
1,,0.022626368328928947
2,,0.02329234592616558
