Param Counts,Max Valid Scores,Max Test Scores
4748837,0.22431576251983643,0.22431576251983643
