Param Counts,Max Valid Scores,Max Test Scores
169,0.98625,0.98625
363,0.98675,0.98675
632,0.98725,0.98725
