{"epoch": 50, "train_loss": 0.007903900502764799, "train_acc": 99.93337774816789, "params": 113418288, "_timestamp": 1768846061.5567367, "_runtime": 3413.6515996456146, "_step": 49, "_wandb": {"runtime": 3412}}