{"epoch": 15, "train_loss": 0.09504333645739454, "train_acc": 99.76682211858761, "params": 113418288, "_timestamp": 1768841590.7648423, "_runtime": 1158.871494293213, "_step": 14, "_wandb": {"runtime": 1188}}