{"epoch": 50, "train_loss": 0.007903900502764799, "train_acc": 99.93337774816789, "params": 113418288, "_timestamp": 1768813140.7252336, "_runtime": 2477.2375404834747, "_step": 49, "_wandb": {"runtime": 2475}}