Epochs,Normal Epoch Times,PAI Epoch Times
0,118.83983898162842,
1,419.56797218322754,
2,677.309858083725,
3,135.68167090415955,
4,136.63571882247925,
5,294.6388521194458,
6,325.40605115890503,
7,307.4986410140991,
8,349.21508598327637,
9,380.36798071861267,
0,,540.1799449920654
1,,520.3309917449951
2,,520.0270440578461
3,,435.84466218948364
4,,628.5827400684357
5,,686.5064101219177
6,,771.5666618347168
7,,772.4113922119141
