Epochs,learning_rate
0,0.0005
1,0.0005
2,0.0005
3,0.0005
4,0.0005
5,0.0005
6,0.0005
7,0.0005
8,0.0005
9,0.0005
10,0.0005
11,0.00025
12,0.00025
13,0.00025
14,0.00025
