Epochs,Normal Epoch Times,PAI Epoch Times
0,118.83983898162842,
1,419.56797218322754,
2,677.309858083725,
3,135.68167090415955,
4,136.63571882247925,
0,,540.1799449920654
1,,520.3309917449951
2,,520.0270440578461
3,,435.84466218948364
