Epochs,Validation Scores,Validation Running Scores,Train Loss,Val RSME
0,0.8219988346099854,,,
1,0.8225687146186829,,,
2,0.8219561576843262,,,
3,0.8219369649887085,,,
4,0.8204414248466492,,,
5,0.8204414248466492,,,
6,0.8204414248466492,,,
7,0.8204414248466492,,,
8,0.8204414248466492,,,
0,,0.8219988346099854,,
1,,0.8225687146186829,,
2,,0.8219561576843262,,
3,,0.8219369649887085,,
4,,0.8204414248466492,,
5,,0.8204414248466492,,
6,,0.8204414248466492,,
7,,0.8204414248466492,,
8,,0.8204414248466492,,
0,,,0.995550475915927,
1,,,0.9911456115754648,
2,,,0.9885639513615241,
3,,,0.9853071860828335,
4,,,0.9802808220114245,
5,,,0.9798669399643535,
6,,,0.9795558377230315,
7,,,0.9799115574792482,
8,,,0.9797548242605296,
0,,,,0.044183149933815
1,,,,0.04419846087694168
2,,,,0.044182002544403076
3,,,,0.04418148845434189
4,,,,0.04414127767086029
5,,,,0.04414127767086029
6,,,,0.04414127767086029
7,,,,0.04414127767086029
8,,,,0.04414127767086029
