Epochs,learning_rate
0,0.0005
1,0.0005
2,0.0005
3,0.0005
4,0.0005
5,0.0005
6,0.0005
7,0.0005
8,0.0005
9,0.0005
10,0.0005
11,0.0005
12,0.0005
13,0.0005
14,0.0005
15,0.0005
16,0.0005
17,0.0005
18,0.0005
19,0.0005
20,0.00025
21,0.00025
22,0.00025
23,0.00025
