Param Counts,Max Valid Scores,Max Test Scores
17345,0.8204414248466492,0.8204414248466492
34690,0.8205181360244751,0.8205181360244751
