Epochs,Normal Epoch Times,PAI Epoch Times
0,312.5356547832489,
1,276.21007466316223,
2,264.2953097820282,
3,262.7251555919647,
