Epochs,Normal Epoch Times,PAI Epoch Times
0,312.5356547832489,
1,276.21007466316223,
2,258.4259350299835,
3,257.094202041626,
4,255.44415140151978,
