{"val_acc":26.4,"val_loss":3.005899700937392,"_wandb":{"runtime":3147},"_runtime":3147,"train_acc":28.324,"_step":19,"train_loss":2.804303877189031,"_timestamp":1.76941867626522e+09,"epoch":10}