{
  "model": "Baseline CNN14 UrbanSound8K",
  "dataset": "UrbanSound8K",
  "num_classes": 10,
  "test_accuracy": 74.43249701314217,
  "test_loss": 0.8389623214801153,
  "best_val_accuracy": 73.2843137254902,
  "num_parameters": 1556874,
  "epochs_trained": 25
}